<?xml version="1.0" encoding="UTF-8"?>
<project-private xmlns="http://www.netbeans.org/ns/project-private/1">
    <editor-bookmarks xmlns="http://www.netbeans.org/ns/editor-bookmarks/2" lastBookmarkId="0"/>
    <open-files xmlns="http://www.netbeans.org/ns/projectui-open-files/2">
        <group>
            <file>file:/E:/PROG2240-%20Java/Assigments/A3%20Start/KHSBClub/web/KHSBDisplaybooks.jsp</file>
            <file>file:/E:/PROG2240-%20Java/Assigments/A3%20Start/KHSBClub/web/KHSBDisplayMembers.jsp</file>
            <file>file:/E:/PROG2240-%20Java/Assigments/A3%20Start/KHSBClub/src/java/club/admin/KHSBMemberAdminController.java</file>
            <file>file:/E:/PROG2240-%20Java/Assigments/A3%20Start/KHSBClub/src/java/club/admin/KHSBDisplayBooksServlet.java</file>
        </group>
    </open-files>
</project-private>
